-- phpMyAdmin SQL Dump
-- version 5.2.1
-- https://www.phpmyadmin.net/
--
-- Servidor: 127.0.0.1
-- Tiempo de generación: 21-07-2025 a las 06:23:54
-- Versión del servidor: 10.4.32-MariaDB
-- Versión de PHP: 8.0.30

SET SQL_MODE = "NO_AUTO_VALUE_ON_ZERO";
START TRANSACTION;
SET time_zone = "+00:00";


/*!40101 SET @OLD_CHARACTER_SET_CLIENT=@@CHARACTER_SET_CLIENT */;
/*!40101 SET @OLD_CHARACTER_SET_RESULTS=@@CHARACTER_SET_RESULTS */;
/*!40101 SET @OLD_COLLATION_CONNECTION=@@COLLATION_CONNECTION */;
/*!40101 SET NAMES utf8mb4 */;

--
-- Base de datos: `plantilla`
--

-- --------------------------------------------------------

--
-- Estructura de tabla para la tabla `admin`
--

CREATE TABLE `admin` (
  `Codigo` varchar(70) CHARACTER SET utf8 COLLATE utf8_general_ci NOT NULL,
  `Nombres` varchar(70) CHARACTER SET utf8 COLLATE utf8_general_ci NOT NULL,
  `Apellidos` varchar(70) CHARACTER SET utf8 COLLATE utf8_general_ci NOT NULL
) ENGINE=InnoDB DEFAULT CHARSET=utf8 COLLATE=utf8_spanish2_ci;

--
-- Volcado de datos para la tabla `admin`
--

INSERT INTO `admin` (`Codigo`, `Nombres`, `Apellidos`) VALUES
('AC34869806', 'Administrador', 'Administrador'),
('AC65547804', 'Manuel', 'Macias'),
('AC87720821', 'Administrador', 'Principal');

-- --------------------------------------------------------

--
-- Estructura de tabla para la tabla `cantones`
--

CREATE TABLE `cantones` (
  `id_canton` int(11) NOT NULL,
  `cod_canton` int(11) NOT NULL,
  `nombre` varchar(100) DEFAULT NULL,
  `id_provincia` int(11) DEFAULT NULL
) ENGINE=InnoDB DEFAULT CHARSET=utf8 COLLATE=utf8_general_ci;

--
-- Volcado de datos para la tabla `cantones`
--

INSERT INTO `cantones` (`id_canton`, `cod_canton`, `nombre`, `id_provincia`) VALUES
(1, 1, 'CUENCA', 1),
(2, 2, 'GIRON', 1),
(3, 3, 'GUALACEO', 1),
(4, 4, 'NABON', 1),
(5, 5, 'PAUTE', 1),
(6, 6, 'PUCARA', 1),
(7, 7, 'SAN FERNANDO', 1),
(8, 8, 'SANTA ISABEL', 1),
(9, 9, 'SIGSIG', 1),
(10, 10, 'OÑA', 1),
(11, 11, 'CHORDELEG', 1),
(12, 12, 'EL PAN', 1),
(13, 13, 'SEVILLA DE ORO', 1),
(14, 14, 'GUACHAPALA', 1),
(15, 15, 'CAMILO PONCE ENRIQUEZ', 1),
(16, 1, 'GUARANDA', 2),
(17, 2, 'CHILLANES', 2),
(18, 3, 'CHIMBO', 2),
(19, 4, 'ECHEANDIA', 2),
(20, 5, 'SAN MIGUEL', 2),
(21, 6, 'CALUMA', 2),
(22, 7, 'LAS NAVES', 2),
(23, 1, 'AZOGUES', 3),
(24, 2, 'BIBLIAN', 3),
(25, 3, 'CAÑAR', 3),
(26, 4, 'LA TRONCAL', 3),
(27, 5, 'EL TAMBO', 3),
(28, 6, 'DELEG', 3),
(29, 7, 'SUSCAL', 3),
(30, 1, 'TULCAN', 4),
(31, 2, 'BOLIVAR', 4),
(32, 3, 'ESPEJO', 4),
(33, 4, 'MIRA', 4),
(34, 5, 'MONTUFAR', 4),
(35, 6, 'SAN PEDRO DE HUACA', 4),
(36, 1, 'LATACUNGA', 5),
(37, 2, 'LA MANA', 5),
(38, 3, 'PANGUA', 5),
(39, 4, 'PUJILI', 5),
(40, 5, 'SALCEDO', 5),
(41, 6, 'SAQUISILI', 5),
(42, 7, 'SIGCHOS', 5),
(43, 1, 'RIOBAMBA', 6),
(44, 2, 'ALAUSI', 6),
(45, 3, 'COLTA', 6),
(46, 4, 'CHAMBO', 6),
(47, 5, 'CHUNCHI', 6),
(48, 6, 'GUAMOTE', 6),
(49, 7, 'GUANO', 6),
(50, 8, 'PALLATANGA', 6),
(51, 9, 'PENIPE', 6),
(52, 10, 'CUMANDA', 6),
(53, 1, 'MACHALA', 7),
(54, 2, 'ARENILLAS', 7),
(55, 3, 'ATAHUALPA', 7),
(56, 4, 'BALSAS', 7),
(57, 5, 'CHILLA', 7),
(58, 6, 'EL GUABO', 7),
(59, 7, 'HUAQUILLAS', 7),
(60, 8, 'MARCABELI', 7),
(61, 9, 'PASAJE', 7),
(62, 10, 'PIÑAS', 7),
(63, 11, 'PORTOVELO', 7),
(64, 12, 'SANTA ROSA', 7),
(65, 13, 'ZARUMA', 7),
(66, 14, 'LAS LAJAS', 7),
(67, 1, 'ESMERALDAS', 8),
(68, 2, 'ELOY ALFARO', 8),
(69, 3, 'MUISNE', 8),
(70, 4, 'QUININDE', 8),
(71, 5, 'SAN LORENZO', 8),
(72, 6, 'ATACAMES', 8),
(73, 7, 'RIOVERDE', 8),
(74, 1, 'GUAYAQUIL', 9),
(75, 2, 'ALFREDO BAQUERIZO MORENO', 9),
(76, 3, 'BALAO', 9),
(77, 4, 'BALZAR', 9),
(78, 5, 'COLIMES', 9),
(79, 6, 'DAULE', 9),
(80, 7, 'DURAN', 9),
(81, 8, 'EL EMPALME', 9),
(82, 9, 'EL TRIUNFO', 9),
(83, 10, 'MILAGRO', 9),
(84, 11, 'NARANJAL', 9),
(85, 12, 'NARANJITO', 9),
(86, 13, 'PALESTINA', 9),
(87, 14, 'PEDRO CARBO', 9),
(88, 16, 'SAMBORONDON', 9),
(89, 18, 'SANTA LUCIA', 9),
(90, 19, 'SALITRE', 9),
(91, 20, 'SAN JACINTO DE YAGUACHI', 9),
(92, 21, 'PLAYAS', 9),
(93, 22, 'SIMON BOLIVAR', 9),
(94, 23, 'CORONEL MARCELINO MARIDUEÑA', 9),
(95, 24, 'LOMAS DE SARGENTILLO', 9),
(96, 25, 'NOBOL', 9),
(97, 27, 'GENERAL ANTONIO ELIZALDE', 9),
(98, 28, 'ISIDRO AYORA', 9),
(99, 1, 'IBARRA', 10),
(100, 2, 'ANTONIO ANTE', 10),
(101, 3, 'COTACACHI', 10),
(102, 4, 'OTAVALO', 10),
(103, 5, 'PIMAMPIRO', 10),
(104, 6, 'SAN MIGUEL DE URCUQUI', 10),
(105, 1, 'LOJA', 11),
(106, 2, 'CALVAS', 11),
(107, 3, 'CATAMAYO', 11),
(108, 4, 'CELICA', 11),
(109, 5, 'CHAGUARPAMBA', 11),
(110, 6, 'ESPINDOLA', 11),
(111, 7, 'GONZANAMA', 11),
(112, 8, 'MACARA', 11),
(113, 9, 'PALTAS', 11),
(114, 10, 'PUYANGO', 11),
(115, 11, 'SARAGURO', 11),
(116, 12, 'SOZORANGA', 11),
(117, 13, 'ZAPOTILLO', 11),
(118, 14, 'PINDAL', 11),
(119, 15, 'QUILANGA', 11),
(120, 16, 'OLMEDO', 11),
(121, 1, 'BABAHOYO', 12),
(122, 2, 'BABA', 12),
(123, 3, 'MONTALVO', 12),
(124, 4, 'PUEBLOVIEJO', 12),
(125, 5, 'QUEVEDO', 12),
(126, 6, 'URDANETA', 12),
(127, 7, 'VENTANAS', 12),
(128, 8, 'VINCES', 12),
(129, 9, 'PALENQUE', 12),
(130, 10, 'BUENA FE', 12),
(131, 11, 'VALENCIA', 12),
(132, 12, 'MOCACHE', 12),
(133, 13, 'QUINSALOMA', 12),
(134, 1, 'PORTOVIEJO', 13),
(135, 2, 'BOLIVAR', 13),
(136, 3, 'CHONE', 13),
(137, 4, 'EL CARMEN', 13),
(138, 5, 'FLAVIO ALFARO', 13),
(139, 6, 'JIPIJAPA', 13),
(140, 7, 'JUNIN', 13),
(141, 8, 'MANTA', 13),
(142, 9, 'MONTECRISTI', 13),
(143, 10, 'PAJAN', 13),
(144, 11, 'PICHINCHA', 13),
(145, 12, 'ROCAFUERTE', 13),
(146, 13, 'SANTA ANA', 13),
(147, 14, 'SUCRE', 13),
(148, 15, 'TOSAGUA', 13),
(149, 16, '24 DE MAYO', 13),
(150, 17, 'PEDERNALES', 13),
(151, 18, 'OLMEDO', 13),
(152, 19, 'PUERTO LOPEZ', 13),
(153, 20, 'JAMA', 13),
(154, 21, 'JARAMIJO', 13),
(155, 22, 'SAN VICENTE', 13),
(156, 1, 'MORONA', 14),
(157, 2, 'GUALAQUIZA', 14),
(158, 3, 'LIMON INDANZA', 14),
(159, 4, 'PALORA', 14),
(160, 5, 'SANTIAGO', 14),
(161, 6, 'SUCUA', 14),
(162, 7, 'HUAMBOYA', 14),
(163, 8, 'SAN JUAN BOSCO', 14),
(164, 9, 'TAISHA', 14),
(165, 10, 'LOGROÑO', 14),
(166, 11, 'PABLO SEXTO', 14),
(167, 12, 'TIWINTZA', 14),
(168, 1, 'TENA', 15),
(169, 3, 'ARCHIDONA', 15),
(170, 4, 'EL CHACO', 15),
(171, 7, 'QUIJOS', 15),
(172, 9, 'CARLOS JULIO AROSEMENA TOLA', 15),
(173, 1, 'PASTAZA', 16),
(174, 2, 'MERA', 16),
(175, 3, 'SANTA CLARA', 16),
(176, 4, 'ARAJUNO', 16),
(177, 1, 'DISTRITO METROPOLITANO DE QUITO', 17),
(178, 2, 'CAYAMBE', 17),
(179, 3, 'MEJIA', 17),
(180, 4, 'PEDRO MONCAYO', 17),
(181, 5, 'RUMIÑAHUI', 17),
(182, 7, 'SAN MIGUEL DE LOS BANCOS', 17),
(183, 8, 'PEDRO VICENTE MALDONADO', 17),
(184, 9, 'PUERTO QUITO', 17),
(185, 1, 'AMBATO', 18),
(186, 2, 'BAÑOS DE AGUA SANTA', 18),
(187, 3, 'CEVALLOS', 18),
(188, 4, 'MOCHA', 18),
(189, 5, 'PATATE', 18),
(190, 6, 'QUERO', 18),
(191, 7, 'SAN PEDRO DE PELILEO', 18),
(192, 8, 'SANTIAGO DE PILLARO', 18),
(193, 9, 'TISALEO', 18),
(194, 1, 'ZAMORA', 19),
(195, 2, 'CHINCHIPE', 19),
(196, 3, 'NANGARITZA', 19),
(197, 4, 'YACUAMBI', 19),
(198, 5, 'YANTZAZA', 19),
(199, 6, 'EL PANGUI', 19),
(200, 7, 'CENTINELA DEL CONDOR', 19),
(201, 8, 'PALANDA', 19),
(202, 9, 'PAQUISHA', 19),
(203, 1, 'SAN CRISTOBAL', 20),
(204, 2, 'ISABELA', 20),
(205, 3, 'SANTA CRUZ', 20),
(206, 1, 'LAGO AGRIO', 21),
(207, 2, 'GONZALO PIZARRO', 21),
(208, 3, 'PUTUMAYO', 21),
(209, 4, 'SHUSHUFINDI', 21),
(210, 5, 'SUCUMBIOS', 21),
(211, 6, 'CASCALES', 21),
(212, 7, 'CUYABENO', 21),
(213, 1, 'ORELLANA', 22),
(214, 2, 'AGUARICO', 22),
(215, 3, 'LA JOYA DE LOS SACHAS', 22),
(216, 4, 'LORETO', 22),
(217, 1, 'SANTO DOMINGO', 23),
(218, 2, 'LA CONCORDIA', 23),
(219, 1, 'SANTA ELENA', 24),
(220, 2, 'LA LIBERTAD', 24),
(221, 3, 'SALINAS', 24);

-- --------------------------------------------------------

--
-- Estructura de tabla para la tabla `correos_enviados`
--

CREATE TABLE `correos_enviados` (
  `id` int(11) NOT NULL,
  `usuario_id` varchar(20) NOT NULL,
  `destinatarios` longtext NOT NULL,
  `asunto` varchar(255) CHARACTER SET utf8 COLLATE utf8_unicode_ci NOT NULL,
  `contenido` longtext NOT NULL,
  `archivos_adjuntos` text CHARACTER SET utf8 COLLATE utf8_unicode_ci DEFAULT NULL,
  `fecha_envio` datetime NOT NULL DEFAULT current_timestamp()
) ENGINE=InnoDB DEFAULT CHARSET=utf8 COLLATE=utf8_general_ci;

-- --------------------------------------------------------

--
-- Estructura de tabla para la tabla `cuenta`
--

CREATE TABLE `cuenta` (
  `id` int(7) NOT NULL,
  `Privilegio` int(1) NOT NULL,
  `Usuario` varchar(20) CHARACTER SET utf8 COLLATE utf8_general_ci NOT NULL,
  `Clave` varchar(535) CHARACTER SET utf8 COLLATE utf8_general_ci NOT NULL,
  `Tipo` varchar(20) CHARACTER SET utf8 COLLATE utf8_general_ci NOT NULL,
  `Genero` varchar(15) CHARACTER SET utf8 COLLATE utf8_general_ci NOT NULL,
  `Codigo` varchar(70) CHARACTER SET utf8 COLLATE utf8_general_ci NOT NULL
) ENGINE=InnoDB DEFAULT CHARSET=utf8 COLLATE=utf8_spanish2_ci;

--
-- Volcado de datos para la tabla `cuenta`
--

INSERT INTO `cuenta` (`id`, `Privilegio`, `Usuario`, `Clave`, `Tipo`, `Genero`, `Codigo`) VALUES
(1, 1, 'Admin1998', 'ZFZaSzVtbGlvYlNVVEtPc2tEQy91Zz09', 'Administrador', 'Masculino', 'AC87720821'),
(31, 4, 'Manolo1998', 'aTd4SFE1dlIrN2NiYmJIODladnNTUT09', 'Estudiante', 'Masculino', 'EC19550714'),
(35, 1, 'admin', 'cDM1Z3V6a1FLTUd4M2xMZklYT3FWZz09', 'Administrador', 'Masculino', 'AC34869806'),
(36, 1, 'Manu20177', 'cGU0Uk91NC94VUxaM2RVZkZRT2pMdz09', 'Administrador', 'Masculino', 'AC65547804');

-- --------------------------------------------------------

--
-- Estructura de tabla para la tabla `estudiante`
--

CREATE TABLE `estudiante` (
  `Codigo` varchar(70) NOT NULL,
  `Nombres` varchar(70) NOT NULL,
  `Apellidos` varchar(70) NOT NULL,
  `Email` varchar(70) NOT NULL,
  `Cedula` varchar(10) NOT NULL,
  `Telefono` varchar(10) NOT NULL,
  `Tipo` int(11) NOT NULL,
  `Nivel` varchar(255) NOT NULL,
  `Provincia` int(255) NOT NULL,
  `Canton` int(11) NOT NULL,
  `Parroquia` int(11) NOT NULL,
  `Actividad` varchar(255) NOT NULL,
  `Etnia` varchar(255) NOT NULL
) ENGINE=InnoDB DEFAULT CHARSET=utf8 COLLATE=utf8_general_ci;

--
-- Volcado de datos para la tabla `estudiante`
--

INSERT INTO `estudiante` (`Codigo`, `Nombres`, `Apellidos`, `Email`, `Cedula`, `Telefono`, `Tipo`, `Nivel`, `Provincia`, `Canton`, `Parroquia`, `Actividad`, `Etnia`) VALUES
('EC19550714', 'Manuel Ignacio', 'Macías Sánchez', 'manuelmacias698@gmail.com', '0955886288', '0983957796', 3, 'TercerNivel', 9, 74, 462, 'Tecnología e Informática', 'Mestizo');

-- --------------------------------------------------------

--
-- Estructura de tabla para la tabla `parroquias`
--

CREATE TABLE `parroquias` (
  `id_parroquia` int(11) NOT NULL,
  `cod_parroquia` int(11) NOT NULL,
  `nombre` varchar(100) DEFAULT NULL,
  `id_canton` int(11) DEFAULT NULL
) ENGINE=InnoDB DEFAULT CHARSET=utf8 COLLATE=utf8_general_ci;

--
-- Volcado de datos para la tabla `parroquias`
--

INSERT INTO `parroquias` (`id_parroquia`, `cod_parroquia`, `nombre`, `id_canton`) VALUES
(1, 1, 'BELLAVISTA', 1),
(2, 2, 'CAÑARIBAMBA', 1),
(3, 3, 'EL BATÁN', 1),
(4, 4, 'EL SAGRARIO', 1),
(5, 5, 'EL VECINO', 1),
(6, 6, 'GIL RAMÍREZ DÁVALOS', 1),
(7, 7, 'HUAYNACÁPAC', 1),
(8, 8, 'MACHÁNGARA', 1),
(9, 9, 'MONAY', 1),
(10, 10, 'SAN BLAS', 1),
(11, 11, 'SAN SEBASTIÁN', 1),
(12, 12, 'SUCRE', 1),
(13, 13, 'TOTORACOCHA', 1),
(14, 14, 'YANUNCAY', 1),
(15, 15, 'HERMANO MIGUEL', 1),
(16, 51, 'BAÑOS', 1),
(17, 52, 'CUMBE', 1),
(18, 53, 'CHAUCHA', 1),
(19, 54, 'CHECA (JIDCAY)', 1),
(20, 55, 'CHIQUINTAD', 1),
(21, 56, 'LLACAO', 1),
(22, 57, 'MOLLETURO', 1),
(23, 58, 'NULTI', 1),
(24, 59, 'OCTAVIO CORDERO PALACIOS (STA. ROSA)', 1),
(25, 60, 'PACCHA', 1),
(26, 61, 'QUINGEO', 1),
(27, 62, 'RICAURTE', 1),
(28, 63, 'SAN JOAQUIN', 1),
(29, 64, 'SANTA ANA', 1),
(30, 65, 'SAYAUSI', 1),
(31, 66, 'SIDCAY', 1),
(32, 67, 'SININCAY', 1),
(33, 68, 'TARQUI', 1),
(34, 69, 'TURI', 1),
(35, 70, 'VALLE', 1),
(36, 71, 'VICTORIA DEL PORTETE (IRQUIS)', 1),
(37, 50, 'GIRON', 2),
(38, 51, 'LA ASUNCION', 2),
(39, 52, 'SAN GERARDO', 2),
(40, 50, 'GUALACEO', 3),
(41, 52, 'DANIEL CORDOVA TORAL (EL ORIENTE)', 3),
(42, 53, 'JADAN', 3),
(43, 54, 'MARIANO MORENO', 3),
(44, 56, 'REMIGIO CRESPO TORAL (GULAG)', 3),
(45, 57, 'SAN JUAN', 3),
(46, 58, 'ZHIDMAD', 3),
(47, 59, 'LUIS CORDERO VEGA', 3),
(48, 60, 'SIMON BOLIVAR (CAB. EN GAÑANZOL)', 3),
(49, 50, 'NABON', 4),
(50, 51, 'COCHAPATA', 4),
(51, 52, 'EL PROGRESO (CAB. EN ZHOTA)', 4),
(52, 53, 'LAS NIEVES (CHAYA)', 4),
(53, 50, 'PAUTE', 5),
(54, 52, 'BULAN (JOSE VICTOR IZQUIERDO)', 5),
(55, 53, 'CHICAN (GUILLERMO ORTEGA)', 5),
(56, 54, 'EL CABO', 5),
(57, 56, 'GUARAINAG', 5),
(58, 59, 'SAN CRISTOBAL (CARLOS ORDOÑEZ LAZO)', 5),
(59, 61, 'TOMEBAMBA', 5),
(60, 62, 'DUG DUG', 5),
(61, 50, 'PUCARA', 6),
(62, 52, 'SAN RAFAEL DE SHARUG', 6),
(63, 50, 'SAN FERNANDO', 7),
(64, 51, 'CHUMBLIN', 7),
(65, 50, 'SANTA ISABEL (CHAGUARURCO)', 8),
(66, 51, 'ABDON CALDERON (LA UNION)', 8),
(67, 52, 'EL CARMEN DE PIJILI', 8),
(68, 53, 'ZHAGLLI (SHAGLLI )', 8),
(69, 54, 'SAN SALVADOR DE CAÑARIBAMBA', 8),
(70, 50, 'SIGSIG', 9),
(71, 51, 'CUCHIL', 9),
(72, 52, 'GIMA', 9),
(73, 53, 'GUEL', 9),
(74, 54, 'LUDO', 9),
(75, 55, 'SAN BARTOLOME', 9),
(76, 56, 'SAN JOSE DE RARANGA', 9),
(77, 50, 'SAN FELIPE DE OÑA', 10),
(78, 51, 'SUSUDEL', 10),
(79, 50, 'CHORDELEG', 11),
(80, 51, 'PRINCIPAL', 11),
(81, 52, 'LA UNION', 11),
(82, 53, 'LUIS GALARZA ORELLANA (CAB. EN DELEGSOL)', 11),
(83, 54, 'SAN MARTIN DE PUZHIO', 11),
(84, 50, 'EL PAN', 12),
(85, 53, 'SAN VICENTE', 12),
(86, 50, 'SEVILLA DE ORO', 13),
(87, 51, 'AMALUZA', 13),
(88, 52, 'PALMAS', 13),
(89, 50, 'GUACHAPALA', 14),
(90, 50, 'CAMILO PONCE ENRIQUEZ', 15),
(91, 1, 'ÁNGEL POLIBIO CHÁVES', 16),
(92, 2, 'GABRIEL IGNACIO VEINTIMILLA', 16),
(93, 3, 'GUANUJO', 16),
(94, 51, 'FACUNDO VELA', 16),
(95, 53, 'JULIO E. MORENO (CATANAHUAN GRANDE)', 16),
(96, 55, 'SALINAS', 16),
(97, 56, 'SAN LORENZO', 16),
(98, 57, 'SAN SIMON (YACOTO)', 16),
(99, 58, 'SANTA FE (SANTA FE)', 16),
(100, 59, 'SIMIATUG', 16),
(101, 60, 'SAN LUIS DE PAMBIL', 16),
(102, 50, 'CHILLANES', 17),
(103, 51, 'SAN JOSE DEL TAMBO (TAMBOPAMBA)', 17),
(104, 50, 'SAN JOSE DE CHIMBO', 18),
(105, 51, 'ASUNCION (ASANCOTO)', 18),
(106, 53, 'LA MAGDALENA (CHAPACOTO)', 18),
(107, 54, 'SAN SEBASTIAN', 18),
(108, 55, 'TELIMBELA', 18),
(109, 50, 'ECHEANDIA', 19),
(110, 50, 'SAN MIGUEL', 20),
(111, 51, 'BALSAPAMBA', 20),
(112, 52, 'BILOVAN', 20),
(113, 53, 'REGULO DE MORA', 20),
(114, 54, 'SAN PABLO (SAN PABLO DE ATENAS)', 20),
(115, 55, 'SANTIAGO', 20),
(116, 56, 'SAN VICENTE', 20),
(117, 50, 'CALUMA', 21),
(118, 1, 'LAS MERCEDES', 22),
(119, 2, 'LAS NAVES', 22),
(120, 1, 'AURELIO BAYAS MARTÍNEZ', 23),
(121, 2, 'AZOGUES', 23),
(122, 3, 'BORRERO', 23),
(123, 4, 'SAN FRANCISCO', 23),
(124, 51, 'COJITAMBO', 23),
(125, 53, 'GUAPAN', 23),
(126, 54, 'JAVIER LOYOLA (CHUQUIPATA)', 23),
(127, 55, 'LUIS CORDERO', 23),
(128, 56, 'PINDILIG', 23),
(129, 57, 'RIVERA', 23),
(130, 58, 'SAN MIGUEL', 23),
(131, 60, 'TADAY', 23),
(132, 50, 'BIBLIAN', 24),
(133, 51, 'NAZON (CAB. EN PAMPA DE DOMINGUEZ)', 24),
(134, 52, 'SAN FRANCISCO DE SAGEO', 24),
(135, 53, 'TURUPAMBA', 24),
(136, 54, 'JERUSALEN', 24),
(137, 50, 'CAÑAR', 25),
(138, 51, 'CHONTAMARCA', 25),
(139, 52, 'CHOROCOPTE', 25),
(140, 53, 'GENERAL MORALES (SOCARTE)', 25),
(141, 54, 'GUALLETURO', 25),
(142, 55, 'HONORATO VASQUEZ (TAMBO VIEJO)', 25),
(143, 56, 'INGAPIRCA', 25),
(144, 57, 'JUNCAL', 25),
(145, 58, 'SAN ANTONIO', 25),
(146, 61, 'ZHUD', 25),
(147, 62, 'VENTURA', 25),
(148, 63, 'DUCUR', 25),
(149, 50, 'LA TRONCAL', 26),
(150, 51, 'MANUEL J. CALLE', 26),
(151, 52, 'PANCHO NEGRO', 26),
(152, 50, 'EL TAMBO', 27),
(153, 50, 'DELEG', 28),
(154, 51, 'SOLANO', 28),
(155, 50, 'SUSCAL', 29),
(156, 1, 'GONZÁLEZ SUÁREZ', 30),
(157, 2, 'TULCÁN', 30),
(158, 51, 'EL CARMELO (EL PUN)', 30),
(159, 53, 'JULIO ANDRADE (OREJUELA)', 30),
(160, 54, 'MALDONADO', 30),
(161, 55, 'PIOTER', 30),
(162, 56, 'TOBAR DONOSO (LA BOCANA DE CAMUMBI)', 30),
(163, 57, 'TUFIÑO', 30),
(164, 58, 'URBINA (TAYA)', 30),
(165, 59, 'EL CHICAL', 30),
(166, 61, 'SANTA MARTHA DE CUBA', 30),
(167, 50, 'BOLIVAR', 31),
(168, 51, 'GARCIA MORENO', 31),
(169, 52, 'LOS ANDES', 31),
(170, 53, 'MONTE OLIVO', 31),
(171, 54, 'SAN VICENTE DE PUSIR', 31),
(172, 55, 'SAN RAFAEL', 31),
(173, 1, 'EL ÁNGEL', 32),
(174, 2, '27 DE SEPTIEMBRE', 32),
(175, 51, 'EL GOALTAL', 32),
(176, 52, 'LA LIBERTAD (ALIZO)', 32),
(177, 53, 'SAN ISIDRO', 32),
(178, 50, 'MIRA (CHONTAHUASI)', 33),
(179, 51, 'CONCEPCION', 33),
(180, 52, 'JIJON Y CAAMAÑO (CAB. EN RIO BLANCO)', 33),
(181, 53, 'JUAN MONTALVO (SAN IGNACIO DE quil', 33),
(182, 1, 'GONZÁLEZ SUÁREZ', 34),
(183, 2, 'SAN JOSÉ', 34),
(184, 51, 'CRISTOBAL COLON', 34),
(185, 52, 'CHITAN DE NAVARRETE', 34),
(186, 53, 'FERNANDEZ SALVADOR', 34),
(187, 54, 'LA PAZ', 34),
(188, 55, 'PIARTAL', 34),
(189, 50, 'HUACA', 35),
(190, 51, 'MARISCAL SUCRE', 35),
(191, 1, 'ELOY ALFARO (SAN FELIPE)', 36),
(192, 2, 'IGNACIO FLORES (PARQUE FLORES)', 36),
(193, 3, 'JUAN MONTALVO (SAN SEBASTIÁN)', 36),
(194, 4, 'LA MATRIZ', 36),
(195, 5, 'SAN BUENAVENTURA', 36),
(196, 51, 'ALAQUEZ (ALAQUES)', 36),
(197, 52, 'BELISARIO QUEVEDO (GUANAILIN)', 36),
(198, 53, 'GUAYTACAMA (GUAITACAMA)', 36),
(199, 54, 'JOSEGUANGO BAJO', 36),
(200, 56, 'MULALO', 36),
(201, 57, '11 DE NOVIEMBRE (ILINCHISI)', 36),
(202, 58, 'POALO', 36),
(203, 59, 'SAN JUAN DE PASTOCALLE', 36),
(204, 61, 'TANICUCHI', 36),
(205, 62, 'TOACASO', 36),
(206, 1, 'EL CARMEN', 37),
(207, 2, 'LA MANÁ', 37),
(208, 3, 'EL TRIUNFO', 37),
(209, 51, 'GUASAGANDA (CAB. EN GUASAGANDA CENTRO)', 37),
(210, 52, 'PUCAYACU', 37),
(211, 50, 'EL CORAZON', 38),
(212, 51, 'MORASPUNGO', 38),
(213, 52, 'PINLLOPATA', 38),
(214, 53, 'RAMON CAMPAÑA', 38),
(215, 50, 'PUJILI', 39),
(216, 51, 'ANGAMARCA', 39),
(217, 53, 'GUANGAJE', 39),
(218, 55, 'LA VICTORIA', 39),
(219, 56, 'PILALO', 39),
(220, 57, 'TINGO', 39),
(221, 58, 'ZUMBAHUA', 39),
(222, 50, 'SAN MIGUEL', 40),
(223, 51, 'ANTONIO JOSE HOLGUIN (SANTA LUCIA)', 40),
(224, 52, 'CUSUBAMBA', 40),
(225, 53, 'MULALILLO', 40),
(226, 54, 'MULLIQUINDIL (SANTA ANA)', 40),
(227, 55, 'PANSALEO', 40),
(228, 50, 'SAQUISILI', 41),
(229, 51, 'CANCHAGUA', 41),
(230, 52, 'CHANTILIN', 41),
(231, 53, 'COCHAPAMBA', 41),
(232, 50, 'SIGCHOS', 42),
(233, 51, 'CHUGCHILLAN', 42),
(234, 52, 'ISINLIVI', 42),
(235, 53, 'LAS PAMPAS', 42),
(236, 54, 'PALO QUEMADO', 42),
(237, 1, 'LIZARZABURU', 43),
(238, 2, 'MALDONADO', 43),
(239, 3, 'VELASCO', 43),
(240, 4, 'VELOZ', 43),
(241, 5, 'YARUQUÍES', 43),
(242, 51, 'CACHA (CAB. EN MACHANGARA)', 43),
(243, 52, 'CALPI', 43),
(244, 53, 'CUBIJIES', 43),
(245, 54, 'FLORES', 43),
(246, 55, 'LICAN', 43),
(247, 56, 'LICTO', 43),
(248, 57, 'PUNGALA', 43),
(249, 58, 'PUNIN', 43),
(250, 59, 'QUIMIAG', 43),
(251, 60, 'SAN JUAN', 43),
(252, 61, 'SAN LUIS', 43),
(253, 50, 'ALAUSI', 44),
(254, 51, 'ACHUPALLAS', 44),
(255, 53, 'GUASUNTOS', 44),
(256, 54, 'HUIGRA', 44),
(257, 55, 'MULTITUD', 44),
(258, 56, 'PISTISHI (NARIZ DEL DIABLO)', 44),
(259, 57, 'PUMALLACTA', 44),
(260, 58, 'SEVILLA', 44),
(261, 59, 'SIBAMBE', 44),
(262, 60, 'TIXAN', 44),
(263, 1, 'CAJABAMBA', 45),
(264, 2, 'SICALPA', 45),
(265, 51, 'CAÑI', 45),
(266, 52, 'COLUMBE', 45),
(267, 53, 'JUAN DE VELASCO (PANGOR)', 45),
(268, 54, 'SANTIAGO DE QUITO (CAB. EN SAN ANTONIO DE QUITO)', 45),
(269, 50, 'CHAMBO', 46),
(270, 50, 'CHUNCHI', 47),
(271, 51, 'CAPZOL', 47),
(272, 52, 'COMPUD', 47),
(273, 53, 'GONZOL', 47),
(274, 54, 'LLAGOS', 47),
(275, 50, 'GUAMOTE', 48),
(276, 51, 'CEBADAS', 48),
(277, 52, 'PALMIRA', 48),
(278, 1, 'EL ROSARIO', 49),
(279, 2, 'LA MATRIZ', 49),
(280, 51, 'GUANANDO', 49),
(281, 52, 'ILAPO', 49),
(282, 53, 'LA PROVIDENCIA', 49),
(283, 54, 'SAN ANDRES', 49),
(284, 55, 'SAN GERARDO DE PACAICAGUAN', 49),
(285, 56, 'SAN ISIDRO DE PATULU', 49),
(286, 57, 'SAN JOSE DEL CHAZO', 49),
(287, 58, 'SANTA FE DE GALAN', 49),
(288, 59, 'VALPARAISO', 49),
(289, 50, 'PALLATANGA', 50),
(290, 50, 'PENIPE', 51),
(291, 51, 'EL ALTAR', 51),
(292, 52, 'MATUS', 51),
(293, 53, 'PUELA', 51),
(294, 54, 'SAN ANTONIO DE BAYUSHIG', 51),
(295, 55, 'LA CANDELARIA', 51),
(296, 56, 'BILBAO (CAB. EN QUILLUYACU)', 51),
(297, 50, 'CUMANDA', 52),
(298, 1, 'LA PROVIDENCIA', 53),
(299, 2, 'MACHALA', 53),
(300, 3, 'PUERTO BOLÍVAR', 53),
(301, 4, 'NUEVE DE MAYO', 53),
(302, 5, 'EL CAMBIO', 53),
(303, 52, 'EL RETIRO', 53),
(304, 50, 'ARENILLAS', 54),
(305, 51, 'CHACRAS', 54),
(306, 54, 'PALMALES', 54),
(307, 55, 'CARCABON', 54),
(308, 56, 'LA CUCA', 54),
(309, 50, 'PACCHA', 55),
(310, 51, 'AYAPAMBA', 55),
(311, 52, 'CORDONCILLO', 55),
(312, 53, 'MILAGRO', 55),
(313, 54, 'SAN JOSE', 55),
(314, 55, 'SAN JUAN DE CERRO AZUL', 55),
(315, 50, 'BALSAS', 56),
(316, 51, 'BELLAMARIA', 56),
(317, 50, 'CHILLA', 57),
(318, 50, 'EL GUABO', 58),
(319, 51, 'BARBONES (SUCRE)', 58),
(320, 52, 'LA IBERIA', 58),
(321, 53, 'TENDALES (CAB. EN PUERTO TENDALES)', 58),
(322, 54, 'RIO BONITO', 58),
(323, 1, 'ECUADOR', 59),
(324, 2, 'EL PARAÍSO', 59),
(325, 3, 'HUALTACO', 59),
(326, 4, 'MILTON REYES', 59),
(327, 5, 'UNIÓN LOJANA', 59),
(328, 50, 'MARCABELI', 60),
(329, 51, 'EL INGENIO', 60),
(330, 1, 'BOLÍVAR', 61),
(331, 2, 'LOMA DE FRANCO', 61),
(332, 3, 'OCHOA LEÓN (MATRIZ)', 61),
(333, 4, 'TRES CERRITOS', 61),
(334, 51, 'BUENAVISTA', 61),
(335, 52, 'CASACAY', 61),
(336, 53, 'LA PEAÑA', 61),
(337, 54, 'PROGRESO', 61),
(338, 55, 'UZHCURRUMI', 61),
(339, 56, 'CAÑAQUEMADA', 61),
(340, 1, 'LA MATRIZ', 62),
(341, 2, 'LA SUSAYA', 62),
(342, 3, 'PIÑAS GRANDE', 62),
(343, 51, 'CAPIRO (CAB. EN LA CAPILLA DE CAPIRO)', 62),
(344, 52, 'LA BOCANA', 62),
(345, 53, 'MOROMORO (CAB. EN EL VADO)', 62),
(346, 54, 'PIEDRAS', 62),
(347, 55, 'SAN ROQUE (AMBROSIO MALDONADO)', 62),
(348, 56, 'SARACAY', 62),
(349, 50, 'PORTOVELO', 63),
(350, 51, 'CURTINCAPA', 63),
(351, 52, 'MORALES', 63),
(352, 53, 'SALATI', 63),
(353, 1, 'SANTA ROSA', 64),
(354, 2, 'PUERTO JELÍ', 64),
(355, 3, 'BALNEARIO JAMBELÍ (SATÉLITE)', 64),
(356, 4, 'JUMÓN (SATÉLITE)', 64),
(357, 5, 'NUEVO SANTA ROSA', 64),
(358, 51, 'BELLAVISTA', 64),
(359, 52, 'JAMBELI', 64),
(360, 53, 'LA AVANZADA', 64),
(361, 54, 'SAN ANTONIO', 64),
(362, 55, 'TORATA', 64),
(363, 56, 'VICTORIA', 64),
(364, 57, 'BELLAMARIA', 64),
(365, 50, 'ZARUMA', 65),
(366, 51, 'ABAÑIN', 65),
(367, 52, 'ARCAPAMBA', 65),
(368, 53, 'GUANAZAN', 65),
(369, 54, 'GUIZHAGUIÑA', 65),
(370, 55, 'HUERTAS', 65),
(371, 56, 'MALVAS', 65),
(372, 57, 'MULUNCAY GRANDE', 65),
(373, 58, 'SINSAO', 65),
(374, 59, 'SALVIAS', 65),
(375, 1, 'LA VICTORIA', 66),
(376, 2, 'PLATANILLOS', 66),
(377, 3, 'VALLE HERMOSO', 66),
(378, 51, 'LA LIBERTAD', 66),
(379, 52, 'EL PARAISO', 66),
(380, 53, 'SAN ISIDRO', 66),
(381, 1, 'BARTOLOMÉ RUIZ (CÉSAR FRANCO CARRIÓN)', 67),
(382, 2, '5 DE AGOSTO', 67),
(383, 3, 'ESMERALDAS', 67),
(384, 4, 'LUIS TELLO (LAS PALMAS)', 67),
(385, 5, 'SIMÓN PLATA TORRES', 67),
(386, 52, 'CAMARONES (CAB. EN SAN VICENTE)', 67),
(387, 53, 'CORONEL CARLOS CONCHA TORRES (CAB. EN HUELE)', 67),
(388, 54, 'CHINCA', 67),
(389, 59, 'MAJUA', 67),
(390, 63, 'SAN MATEO', 67),
(391, 65, 'TABIAZO', 67),
(392, 66, 'TACHINA', 67),
(393, 68, 'VUELTA LARGA', 67),
(394, 50, 'VALDEZ (LIMONES)', 68),
(395, 51, 'ANCHAYACU', 68),
(396, 52, 'ATAHUALPA (CAB. EN CAMARONES)', 68),
(397, 53, 'BORBON', 68),
(398, 54, 'LA TOLA', 68),
(399, 55, 'LUIS VARGAS TORRES (CAB. EN PLAYA DE ORO)', 68),
(400, 56, 'MALDONADO', 68),
(401, 57, 'PAMPANAL DE BOLIVAR', 68),
(402, 58, 'SAN FRANCISCO DE ONZOLE', 68),
(403, 59, 'SANTO DOMINGO DE ONZOLE', 68),
(404, 60, 'SELVA ALEGRE', 68),
(405, 61, 'TELEMBI', 68),
(406, 62, 'COLON ELOY DEL MARIA', 68),
(407, 63, 'SAN JOSE DE CAYAPAS', 68),
(408, 64, 'TIMBIRE', 68),
(409, 65, 'SANTA LUCIA DE LAS PEÑAS', 68),
(410, 50, 'MUISNE', 69),
(411, 51, 'BOLIVAR', 69),
(412, 52, 'DAULE', 69),
(413, 53, 'GALERA', 69),
(414, 54, 'QUINGUE (OLMEDO PERDOMO FRANCO)', 69),
(415, 55, 'SALIMA', 69),
(416, 56, 'SAN FRANCISCO', 69),
(417, 57, 'SAN GREGORIO', 69),
(418, 58, 'SAN JOSE DE CHAMANGA', 69),
(419, 50, 'ROSA ZARATE (QUININDE)', 70),
(420, 51, 'CUBE', 70),
(421, 52, 'CHURA (CHANCAMA) (CAB. EN EL YERBERO)', 70),
(422, 53, 'MALIMPIA', 70),
(423, 54, 'VICHE', 70),
(424, 55, 'LA UNION', 70),
(425, 50, 'SAN LORENZO', 71),
(426, 51, 'ALTO TAMBO (CAB EN GUADUAL)', 71),
(427, 52, 'ANCON (PICHANGAL) (CAB. EN PALMA REAL)', 71),
(428, 53, 'CALDERON', 71),
(429, 54, 'CARONDELET', 71),
(430, 55, '5 DE JUNIO (CAB. EN UIMBI)', 71),
(431, 56, 'CONCEPCION', 71),
(432, 57, 'MATAJE (CAB. EN SANTANDER)', 71),
(433, 58, 'SAN JAVIER DE CACHAVI (CAB. EN SAN JAVIER)', 71),
(434, 59, 'SANTA RITA', 71),
(435, 60, 'TAMBILLO', 71),
(436, 61, 'TULULBI (CAB. EN RICAURTE)', 71),
(437, 62, 'URBINA', 71),
(438, 50, 'ATACAMES', 72),
(439, 51, 'LA UNION', 72),
(440, 52, 'SUA (CAB. EN LA BOCANA)', 72),
(441, 53, 'TONCHIGUE', 72),
(442, 54, 'TONSUPA', 72),
(443, 50, 'RIOVERDE', 73),
(444, 51, 'CHONTADURO', 73),
(445, 52, 'CHUMUNDE', 73),
(446, 53, 'LAGARTO', 73),
(447, 54, 'MONTALVO (CAB EN HORQUETA)', 73),
(448, 55, 'ROCAFUERTE', 73),
(449, 1, 'AYACUCHO', 74),
(450, 2, 'BOLÍVAR (SAGRARIO)', 74),
(451, 3, 'CARBO (CONCEPCIÓN)', 74),
(452, 4, 'FEBRES CORDERO', 74),
(453, 5, 'GARCÍA MORENO', 74),
(454, 6, 'LETAMENDI', 74),
(455, 7, 'NUEVE DE OCTUBRE', 74),
(456, 8, 'OLMEDO (SAN ALEJO)', 74),
(457, 9, 'ROCA', 74),
(458, 10, 'ROCAFUERTE', 74),
(459, 11, 'SUCRE', 74),
(460, 12, 'TARQUI', 74),
(461, 13, 'URDANETA', 74),
(462, 14, 'XIMENA', 74),
(463, 15, 'PASCUALES', 74),
(464, 52, 'JUAN GOMEZ RENDON (PROGRESO)', 74),
(465, 53, 'MORRO', 74),
(466, 56, 'POSORJA', 74),
(467, 57, 'PUNA', 74),
(468, 58, 'TENGUEL', 74),
(469, 50, 'ALFREDO BAQUERIZO MORENO (JUJAN)', 75),
(470, 50, 'BALAO', 76),
(471, 50, 'BALZAR', 77),
(472, 50, 'COLIMES', 78),
(473, 51, 'SAN JACINTO', 78),
(474, 1, 'DAULE', 79),
(475, 2, 'LA AURORA (SATÉLITE)', 79),
(476, 3, 'BANIFE', 79),
(477, 4, 'EMILIANO CAICEDO MARCOS', 79),
(478, 5, 'MAGRO', 79),
(479, 6, 'PADRE JUAN BAUTISTA AGUIRRE', 79),
(480, 7, 'SANTA CLARA', 79),
(481, 8, 'VICENTE PIEDRAHITA', 79),
(482, 52, 'JUAN BAUTISTA AGUIRRE (LOS TINTOS)', 79),
(483, 53, 'LAUREL', 79),
(484, 54, 'LIMONAL', 79),
(485, 56, 'LOS LOJAS (ENRIQUE BAQUERIZO MORENO)', 79),
(486, 1, 'ELOY ALFARO (DURÁN)', 80),
(487, 2, 'EL RECREO', 80),
(488, 3, 'DIVINO NIÑO', 80),
(489, 50, 'VELASCO IBARRA (CAB. EL EMPALME)', 81),
(490, 51, 'GUAYAS (PUEBLO NUEVO)', 81),
(491, 52, 'EL ROSARIO', 81),
(492, 50, 'EL TRIUNFO', 82),
(493, 1, 'CAMILO ANDRADE', 83),
(494, 2, 'ELOY ALFARO', 83),
(495, 3, 'CHIRIJOS', 83),
(496, 4, 'CORONEL ENRIQUE VALDEZ', 83),
(497, 5, 'ROSA MARIA', 83),
(498, 6, 'JOSE MARIA VELASCO IBARRA', 83),
(499, 7, 'VICENTE ROCAFUERTE', 83),
(500, 8, 'ERNESTO SEMINARIO', 83),
(501, 9, 'LAS PIÑAS', 83),
(502, 51, 'CHOBO', 83),
(503, 53, 'MARISCAL SUCRE (HUAQUES)', 83),
(504, 54, 'ROBERTO ASTUDILLO (CAB. EN CRUCE DE VENECIA)', 83),
(505, 50, 'NARANJAL', 84),
(506, 51, 'JESUS MARIA', 84),
(507, 52, 'SAN CARLOS', 84),
(508, 53, 'SANTA ROSA DE FLANDES', 84),
(509, 54, 'TAURA', 84),
(510, 50, 'NARANJITO', 85),
(511, 50, 'PALESTINA', 86),
(512, 50, 'PEDRO CARBO', 87),
(513, 51, 'VALLE DE LA VIRGEN', 87),
(514, 52, 'SABANILLA', 87),
(515, 1, 'SAMBORONDÓN', 88),
(516, 2, 'LA PUNTILLA (SATÉLITE)', 88),
(517, 51, 'TARIFA', 88),
(518, 50, 'SANTA LUCIA', 89),
(519, 1, 'BOCANA', 90),
(520, 2, 'CANDILEJOS', 90),
(521, 3, 'CENTRAL', 90),
(522, 4, 'PARAÍSO', 90),
(523, 5, 'SAN MATEO', 90),
(524, 51, 'GENERAL VERNAZA (DOS ESTEROS)', 90),
(525, 52, 'LA VICTORIA (ÑAUZA)', 90),
(526, 53, 'JUNQUILLAL', 90),
(527, 50, 'SAN JACINTO DE YAGUACHI', 91),
(528, 53, 'GENERAL PEDRO J. MONTERO (BOLICHE)', 91),
(529, 55, 'YAGUACHI VIEJO (CONE)', 91),
(530, 56, 'VIRGEN DE FATIMA', 91),
(531, 50, 'GENERAL VILLAMIL (PLAYAS)', 92),
(532, 50, 'SIMON BOLIVAR', 93),
(533, 51, 'CORONEL LORENZO DE GARAYCOA (PEDREGAL)', 93),
(534, 50, 'CORONEL MARCELINO MARIDUEÑA (SAN CARLOS)', 94),
(535, 50, 'LOMAS DE SARGENTILLO', 95),
(536, 50, 'NARCISA DE JESUS', 96),
(537, 50, 'GENERAL ANTONIO ELIZALDE (BUCAY)', 97),
(538, 50, 'ISIDRO AYORA', 98),
(539, 1, 'CARANQUI', 99),
(540, 2, 'GUAYAQUIL DE ALPACHACA', 99),
(541, 3, 'SAGRARIO', 99),
(542, 4, 'SAN FRANCISCO', 99),
(543, 5, 'LA DOLOROSA DEL PRIORATO', 99),
(544, 51, 'AMBUQUI', 99),
(545, 52, 'ANGOCHAGUA', 99),
(546, 53, 'CAROLINA', 99),
(547, 54, 'LA ESPERANZA', 99),
(548, 55, 'LITA', 99),
(549, 56, 'SALINAS', 99),
(550, 57, 'SAN ANTONIO', 99),
(551, 1, 'ANDRADE MARÍN (LOURDES)', 100),
(552, 2, 'ATUNTAQUI', 100),
(553, 51, 'IMBAYA (SAN LUIS DE COBUENDO)', 100),
(554, 52, 'SAN FRANCISCO DE NATABUELA', 100),
(555, 53, 'SAN JOSE DE CHALTURA', 100),
(556, 54, 'SAN ROQUE', 100),
(557, 1, 'SAGRARIO', 101),
(558, 2, 'SAN FRANCISCO', 101),
(559, 51, 'APUELA', 101),
(560, 52, 'GARCIA MORENO (LLURIMAGUA)', 101),
(561, 53, 'IMANTAG', 101),
(562, 54, 'PEÑAHERRERA', 101),
(563, 55, 'PLAZA GUTIERREZ (CALVARIO)', 101),
(564, 56, 'QUIROGA', 101),
(565, 57, 'SEIS DE JULIO DE CUELLAJE (CAB. EN CUELLAJE)', 101),
(566, 58, 'VACAS GALINDO (EL CHURO) (CAB. EN SAN MIGUEL ALTO)', 101),
(567, 1, 'JORDÁN', 102),
(568, 2, 'SAN LUIS', 102),
(569, 51, 'DOCTOR MIGUEL EGAS CABEZAS (PEGUCHE)', 102),
(570, 52, 'EUGENIO ESPEJO (CALPAQUI)', 102),
(571, 53, 'GONZALEZ SUAREZ', 102),
(572, 54, 'PATAQUI', 102),
(573, 55, 'SAN JOSE DE QUICHINCHE', 102),
(574, 56, 'SAN JUAN DE ILUMAN', 102),
(575, 57, 'SAN PABLO', 102),
(576, 58, 'SAN RAFAEL', 102),
(577, 59, 'SELVA ALEGRE (CAB. EN SAN MIGUEL DE PAMPLONA)', 102),
(578, 50, 'PIMAMPIRO', 103),
(579, 51, 'CHUGA', 103),
(580, 52, 'MARIANO ACOSTA', 103),
(581, 53, 'SAN FRANCISCO DE SIGSIPAMBA', 103),
(582, 50, 'URCUQUI', 104),
(583, 51, 'CAHUASQUI', 104),
(584, 52, 'LA MERCED DE BUENOS AIRES', 104),
(585, 53, 'PABLO ARENAS', 104),
(586, 54, 'SAN BLAS', 104),
(587, 55, 'TUMBABIRO', 104),
(588, 1, 'EL SAGRARIO', 105),
(589, 2, 'SAN SEBASTIÁN', 105),
(590, 3, 'SUCRE', 105),
(591, 4, 'VALLE', 105),
(592, 5, 'CARIGÁN', 105),
(593, 6, 'PUNZARA', 105),
(594, 51, 'CHANTACO', 105),
(595, 52, 'CHUQUIRIBAMBA', 105),
(596, 53, 'EL CISNE', 105),
(597, 54, 'GUALEL', 105),
(598, 55, 'JIMBILLA', 105),
(599, 56, 'MALACATOS (VALLADOLID)', 105),
(600, 57, 'SAN LUCAS', 105),
(601, 58, 'SAN PEDRO DE VILCABAMBA', 105),
(602, 59, 'SANTIAGO', 105),
(603, 60, 'TAQUIL (MIGUEL RIOFRIO)', 105),
(604, 61, 'VILCABAMBA (VICTORIA)', 105),
(605, 62, 'YANGANA (ARSENIO CASTILLO)', 105),
(606, 63, 'QUINARA', 105),
(607, 1, 'CARIAMANGA', 106),
(608, 2, 'CHILE', 106),
(609, 3, 'SAN VICENTE', 106),
(610, 51, 'COLAISACA', 106),
(611, 52, 'EL LUCERO', 106),
(612, 53, 'UTUANA', 106),
(613, 54, 'SANGUILLIN', 106),
(614, 1, 'CATAMAYO', 107),
(615, 2, 'SAN JOSÉ', 107),
(616, 51, 'EL TAMBO', 107),
(617, 52, 'GUAYQUICHUMA', 107),
(618, 53, 'SAN PEDRO DE LA BENDITA', 107),
(619, 54, 'ZAMBI', 107),
(620, 50, 'CELICA', 108),
(621, 51, 'CRUZPAMBA (CAB EN CARLOS BUSTAMANTE)', 108),
(622, 55, 'POZUL (SAN JUAN DE POZUL)', 108),
(623, 56, 'SABANILLA', 108),
(624, 57, 'TENIENTE MAXIMILIANO RODRIGUEZ LOAIZA', 108),
(625, 50, 'CHAGUARPAMBA', 109),
(626, 51, 'BUENAVISTA', 109),
(627, 52, 'EL ROSARIO', 109),
(628, 53, 'SANTA RUFINA', 109),
(629, 54, 'AMARILLOS', 109),
(630, 50, 'AMALUZA', 110),
(631, 51, 'BELLAVISTA', 110),
(632, 52, 'JIMBURA', 110),
(633, 53, 'SANTA TERESITA', 110),
(634, 54, '27 DE ABRIL (CAB. EN LA NARANJA)', 110),
(635, 55, 'EL INGENIO', 110),
(636, 56, 'EL AIRO', 110),
(637, 50, 'GONZANAMA', 111),
(638, 51, 'CHANGAIMINA (LA LIBERTAD)', 111),
(639, 53, 'NAMBACOLA', 111),
(640, 54, 'PURUNUMA (EGUIGUREN)', 111),
(641, 56, 'SACAPALCA', 111),
(642, 1, 'GENERAL ELOY ALFARO (SAN SEBASTIÁN)', 112),
(643, 2, 'MACARÁ (MANUEL ENRIQUE RENGEL SUQUILANDA)', 112),
(644, 51, 'LARAMA', 112),
(645, 52, 'LA VICTORIA', 112),
(646, 53, 'SABIANGO (LA CAPILLA)', 112),
(647, 1, 'CATACOCHA', 113),
(648, 2, 'LOURDES', 113),
(649, 51, 'CANGONAMA', 113),
(650, 52, 'GUACHANAMA', 113),
(651, 54, 'LAURO GUERRERO', 113),
(652, 56, 'ORIANGA', 113),
(653, 57, 'SAN ANTONIO', 113),
(654, 58, 'CASANGA', 113),
(655, 59, 'YAMANA', 113),
(656, 50, 'ALAMOR', 114),
(657, 51, 'CIANO', 114),
(658, 52, 'EL ARENAL', 114),
(659, 53, 'EL LIMO (MARIANA DE JESUS)', 114),
(660, 54, 'MERCADILLO', 114),
(661, 55, 'VICENTINO', 114),
(662, 50, 'SARAGURO', 115),
(663, 51, 'EL PARAISO DE CELEN', 115),
(664, 52, 'EL TABLON', 115),
(665, 53, 'LLUZHAPA', 115),
(666, 54, 'MANU', 115),
(667, 55, 'SAN ANTONIO DE QUMBE (CUMBE)', 115),
(668, 56, 'SAN PABLO DE TENTA', 115),
(669, 57, 'SAN SEBASTIAN DE YULUC', 115),
(670, 58, 'SELVA ALEGRE', 115),
(671, 59, 'URDANETA (PAQUISHAPA)', 115),
(672, 60, 'SUMAYPAMBA', 115),
(673, 50, 'SOZORANGA', 116),
(674, 51, 'NUEVA FATIMA', 116),
(675, 52, 'TACAMOROS', 116),
(676, 50, 'ZAPOTILLO', 117),
(677, 51, 'MANGAHURCO', 117),
(678, 52, 'GARZAREAL', 117),
(679, 53, 'LIMONES', 117),
(680, 54, 'PALETILLAS', 117),
(681, 55, 'BOLASPAMBA', 117),
(682, 56, 'CAZADEROS', 117),
(683, 50, 'PINDAL', 118),
(684, 51, 'CHAQUINAL', 118),
(685, 52, '12 DE DICIEMBRE (CAB. EN ACHIOTES)', 118),
(686, 53, 'MILAGROS', 118),
(687, 50, 'QUILANGA', 119),
(688, 51, 'FUNDOCHAMBA', 119),
(689, 52, 'SAN ANTONIO DE LAS ARADAS (CAB. EN LAS ARADAS)', 119),
(690, 50, 'OLMEDO', 120),
(691, 51, 'LA TINGUE', 120),
(692, 1, 'CLEMENTE BAQUERIZO', 121),
(693, 2, 'DOCTOR CAMILO PONCE', 121),
(694, 3, 'BARREIRO', 121),
(695, 4, 'EL SALTO', 121),
(696, 52, 'CARACOL', 121),
(697, 53, 'FEBRES CORDERO (LAS JUNTAS)', 121),
(698, 54, 'PIMOCHA', 121),
(699, 55, 'LA UNION', 121),
(700, 50, 'BABA', 122),
(701, 51, 'GUARE', 122),
(702, 52, 'ISLA DE BEJUCAL', 122),
(703, 50, 'MONTALVO', 123),
(704, 51, 'LA ESMERALDA', 123),
(705, 50, 'PUEBLOVIEJO', 124),
(706, 51, 'PUERTO PECHICHE', 124),
(707, 52, 'SAN JUAN', 124),
(708, 1, 'QUEVEDO', 125),
(709, 2, 'SAN CAMILO', 125),
(710, 4, 'GUAYACÁN', 125),
(711, 5, 'NICOLÁS INFANTE DÍAZ', 125),
(712, 6, 'SAN CRISTÓBAL', 125),
(713, 7, 'SIETE DE OCTUBRE', 125),
(714, 8, '24 DE MAYO', 125),
(715, 9, 'VENUS DEL RÍO QUEVEDO', 125),
(716, 10, 'VIVA ALFARO', 125),
(717, 53, 'SAN CARLOS', 125),
(718, 55, 'LA ESPERANZA', 125),
(719, 50, 'CATARAMA', 126),
(720, 51, 'RICAURTE', 126),
(721, 1, '10 DE NOVIEMBRE', 127),
(722, 2, 'VENTANAS', 127),
(723, 52, 'ZAPOTAL', 127),
(724, 53, 'CHACARITA', 127),
(725, 54, 'LOS ANGELES', 127),
(726, 1, 'BALZAR DE VINCES', 128),
(727, 2, 'VINCES CENTRAL', 128),
(728, 3, 'SAN LORENZO DE VINCES', 128),
(729, 51, 'ANTONIO SOTOMAYOR (CAB. EN PLAYAS DE VINCES)', 128),
(730, 50, 'PALENQUE', 129),
(731, 1, 'SAN JACINTO DE BUENA FÉ', 130),
(732, 2, '7 DE AGOSTO', 130),
(733, 3, '11 DE OCTUBRE', 130),
(734, 51, 'PATRICIA PILAR', 130),
(735, 1, 'VALENCIA', 131),
(736, 2, 'LA UNION', 131),
(737, 3, 'LA NUEVA UNION', 131),
(738, 50, 'MOCACHE', 132),
(739, 50, 'QUINSALOMA', 133),
(740, 1, 'PORTOVIEJO', 134),
(741, 2, '12 DE MARZO', 134),
(742, 3, 'COLÓN', 134),
(743, 4, 'PICOAZÁ', 134),
(744, 5, 'SAN PABLO', 134),
(745, 6, 'ANDRÉS DE VERA', 134),
(746, 7, 'FRANCISCO PACHECO', 134),
(747, 8, '18 DE OCTUBRE', 134),
(748, 9, 'SIMÓN BOLÍVAR', 134),
(749, 51, 'ABDON CALDERON (SAN FRANCISCO)', 134),
(750, 52, 'ALHAJUELA (BAJO GRANDE)', 134),
(751, 53, 'CRUCITA', 134),
(752, 54, 'PUEBLO NUEVO', 134),
(753, 55, 'RIOCHICO (RIO CHICO)', 134),
(754, 56, 'SAN PLACIDO', 134),
(755, 57, 'CHIRIJOS', 134),
(756, 50, 'CALCETA', 31),
(757, 51, 'MEMBRILLO', 31),
(758, 52, 'QUIROGA', 31),
(759, 1, 'CHONE', 136),
(760, 2, 'SANTA RITA', 136),
(761, 51, 'BOYACA', 136),
(762, 52, 'CANUTO', 136),
(763, 53, 'CONVENTO', 136),
(764, 54, 'CHIBUNGA', 136),
(765, 55, 'ELOY ALFARO', 136),
(766, 56, 'RICAURTE', 136),
(767, 57, 'SAN ANTONIO', 136),
(768, 1, 'EL CARMEN', 137),
(769, 2, '4 DE DICIEMBRE', 137),
(770, 51, 'WILFRIDO LOOR MOREIRA (MAICITO)', 137),
(771, 52, 'SAN PEDRO DE SUMA', 137),
(772, 53, 'SANTA MARIA (CAB EN SANTA MARIA)', 137),
(773, 54, 'EL PARAISO LA 14 (CAB EN EL PARAISO)', 137),
(774, 50, 'FLAVIO ALFARO', 138),
(775, 51, 'SAN FRANCISCO DE NOVILLO (CAB. EN NOVILLO)', 138),
(776, 52, 'ZAPALLO', 138),
(777, 1, 'DOCTOR MIGUEL MORÁN LUCIO', 139),
(778, 2, 'MANUEL INOCENCIO PARRALES Y GUALE', 139),
(779, 3, 'SAN LORENZO DE JIPIJAPA', 139),
(780, 51, 'AMERICA', 139),
(781, 52, 'EL ANEGADO (CAB. EN ELOY ALFARO)', 139),
(782, 53, 'JULCUY', 139),
(783, 54, 'LA UNION', 139),
(784, 56, 'MEMBRILLAL', 139),
(785, 57, 'PEDRO PABLO GOMEZ', 139),
(786, 58, 'PUERTO DE CAYO', 139),
(787, 50, 'JUNIN', 140),
(788, 1, 'LOS ESTEROS', 141),
(789, 2, 'MANTA', 141),
(790, 3, 'SAN MATEO', 141),
(791, 4, 'TARQUI', 141),
(792, 5, 'ELOY ALFARO', 141),
(793, 51, 'SAN LORENZO', 141),
(794, 52, 'SANTA MARIANITA (BOCA DE PACOCHE)', 141),
(795, 1, 'ANÍBAL SAN ANDRÉS', 142),
(796, 2, 'MONTECRISTI', 142),
(797, 3, 'EL COLORADO', 142),
(798, 4, 'GENERAL ELOY ALFARO', 142),
(799, 5, 'LEONIDAS PROAÑO', 142),
(800, 52, 'LA PILA', 142),
(801, 50, 'PAJAN', 143),
(802, 51, 'CAMPOZANO (LA PALMA DE PAJAN)', 143),
(803, 52, 'CASCOL', 143),
(804, 53, 'GUALE', 143),
(805, 54, 'LASCANO', 143),
(806, 50, 'PICHINCHA', 144),
(807, 51, 'BARRAGANETE', 144),
(808, 52, 'SAN SEBASTIAN', 144),
(809, 50, 'ROCAFUERTE', 145),
(810, 1, 'SANTA ANA', 146),
(811, 2, 'LODANA', 146),
(812, 51, 'AYACUCHO', 146),
(813, 52, 'HONORATO VASQUEZ (CAB EN VASQUEZ)', 146),
(814, 53, 'LA UNION', 146),
(815, 55, 'SAN PABLO (CAB EN PUEBLO NUEVO)', 146),
(816, 1, 'BAHÍA DE CARÁQUEZ', 147),
(817, 2, 'LEONIDAS PLAZA GUTIÉRREZ', 147),
(818, 53, 'CHARAPOTO', 147),
(819, 57, 'SAN ISIDRO', 147),
(820, 50, 'TOSAGUA', 148),
(821, 51, 'BACHILLERO', 148),
(822, 52, 'ANGEL PEDRO GILER (LA ESTANCILLA)', 148),
(823, 50, 'SUCRE', 149),
(824, 51, 'BELLAVISTA', 149),
(825, 52, 'NOBOA', 149),
(826, 53, 'ARQUITECTO SIXTO DURAN BALLEN', 149),
(827, 50, 'PEDERNALES', 150),
(828, 51, 'COJIMIES', 150),
(829, 52, 'DIEZ DE AGOSTO', 150),
(830, 53, 'ATAHUALPA', 150),
(831, 50, 'OLMEDO', 120),
(832, 50, 'PUERTO LOPEZ', 152),
(833, 51, 'MACHALILLA', 152),
(834, 52, 'SALANGO', 152),
(835, 50, 'JAMA', 153),
(836, 50, 'JARAMIJO', 154),
(837, 50, 'SAN VICENTE', 155),
(838, 51, 'CANOA', 155),
(839, 50, 'MACAS', 156),
(840, 51, 'ALSHI (CAB EN 9 DE OCTUBRE)', 156),
(841, 53, 'GENERAL PROAÑO', 156),
(842, 56, 'SAN ISIDRO', 156),
(843, 57, 'SEVILLA DON BOSCO', 156),
(844, 58, 'SINAI', 156),
(845, 60, 'ZUÑA (ZUÑAC)', 156),
(846, 62, 'CUCHAENTZA', 156),
(847, 64, 'RIO BLANCO', 156),
(848, 1, 'GUALAQUIZA', 157),
(849, 2, 'MERCEDES MOLINA', 157),
(850, 51, 'AMAZONAS (ROSARIO DE CUYES)', 157),
(851, 52, 'BERMEJOS', 157),
(852, 53, 'BOMBOIZA', 157),
(853, 54, 'CHIGUINDA', 157),
(854, 55, 'EL ROSARIO', 157),
(855, 56, 'NUEVA TARQUI', 157),
(856, 57, 'SAN MIGUEL DE CUYES', 157),
(857, 58, 'EL IDEAL', 157),
(858, 50, 'GENERAL LEONIDAS PLAZA GUTIERREZ', 158),
(859, 51, 'INDANZA', 158),
(860, 53, 'SAN ANTONIO (CAB EN SAN ANTONIO CENTRO)', 158),
(861, 56, 'SAN MIGUEL DE CONCHAY', 158),
(862, 57, 'STA SUSANA DE CHIVIAZA (CAB EN CHIVIAZA)', 158),
(863, 58, 'YUNGANZA (CAB EN EL ROSARIO)', 158),
(864, 50, 'PALORA (METZERA)', 159),
(865, 51, 'ARAPICOS', 159),
(866, 52, 'CUMANDA (CAB EN COLONIA AGRICOLA SEVILLA DEL ORO)', 159),
(867, 54, 'SANGAY (CAB EN NAYAMANACA)', 159),
(868, 55, '16 DE AGOSTO', 159),
(869, 50, 'SANTIAGO DE MENDEZ', 160),
(870, 51, 'COPAL', 160),
(871, 52, 'CHUPIANZA', 160),
(872, 53, 'PATUCA', 160),
(873, 54, 'SAN LUIS DE EL ACHO (CAB EN EL ACHO)', 160),
(874, 56, 'TAYUZA', 160),
(875, 57, 'SAN FRANCISCO DE CHINIMBIMI', 160),
(876, 50, 'SUCUA', 161),
(877, 51, 'ASUNCION', 161),
(878, 52, 'HUAMBI', 161),
(879, 55, 'SANTA MARIANITA DE JESUS', 161),
(880, 50, 'HUAMBOYA', 162),
(881, 51, 'CHIGUAZA', 162),
(882, 50, 'SAN JUAN BOSCO', 163),
(883, 51, 'PAN DE AZUCAR', 163),
(884, 52, 'SAN CARLOS DE LIMON', 163),
(885, 53, 'SAN JACINTO DE WAKAMBEIS', 163),
(886, 54, 'SANTIAGO DE PANANZA', 163),
(887, 50, 'TAISHA', 164),
(888, 51, 'HUASAGA (CAB EN WAMPUIK)', 164),
(889, 52, 'MACUMA', 164),
(890, 53, 'TUUTINENTZA', 164),
(891, 54, 'PUMPUENTSA', 164),
(892, 50, 'LOGROÑO', 165),
(893, 51, 'YAUPI', 165),
(894, 52, 'SHIMPIS', 165),
(895, 50, 'PABLO SEXTO', 166),
(896, 50, 'SANTIAGO', 167),
(897, 51, 'SAN JOSE DE MORONA', 167),
(898, 50, 'TENA', 168),
(899, 51, 'AHUANO', 168),
(900, 53, 'CHONTAPUNTA', 168),
(901, 54, 'PANO', 168),
(902, 55, 'PUERTO MISAHUALLI', 168),
(903, 56, 'PUERTO NAPO', 168),
(904, 57, 'TALAG', 168),
(905, 58, 'SAN JUAN DE MUYUNA', 168),
(906, 50, 'ARCHIDONA', 169),
(907, 52, 'COTUNDO', 169),
(908, 54, 'SAN PABLO DE USHPAYACU', 169),
(909, 56, 'HATUN SUMAKU', 169),
(910, 50, 'EL CHACO', 170),
(911, 51, 'GONZALO DIAZ DE PINEDA (EL BOMBON)', 170),
(912, 52, 'LINARES', 170),
(913, 53, 'OYACACHI', 170),
(914, 54, 'SANTA ROSA', 170),
(915, 55, 'SARDINAS', 170),
(916, 50, 'BAEZA', 171),
(917, 51, 'COSANGA', 171),
(918, 52, 'CUYUJA', 171),
(919, 53, 'PAPALLACTA', 171),
(920, 54, 'SAN FRANCISCO DE BORJA (VIRGILIO DAVILA)', 171),
(921, 56, 'SUMACO', 171),
(922, 50, 'CARLOS JULIO AROSEMENA TOLA', 172),
(923, 50, 'PUYO', 173),
(924, 52, 'CANELOS', 173),
(925, 54, 'DIEZ DE AGOSTO', 173),
(926, 55, 'FATIMA', 173),
(927, 56, 'MONTALVO (ANDOAS)', 173),
(928, 57, 'POMONA', 173),
(929, 58, 'RIO CORRIENTES', 173),
(930, 59, 'RIO TIGRE', 173),
(931, 61, 'SARAYACU', 173),
(932, 62, 'SIMON BOLIVAR (CAB. EN MUSHULLACTA)', 173),
(933, 63, 'TARQUI', 173),
(934, 64, 'TENIENTE HUGO ORTIZ', 173),
(935, 65, 'VERACRUZ (INDILLAMA) (CAB. EN INDILLAMA)', 173),
(936, 66, 'EL TRIUNFO', 173),
(937, 50, 'MERA', 174),
(938, 51, 'MADRE TIERRA', 174),
(939, 52, 'SHELL', 174),
(940, 50, 'SANTA CLARA', 175),
(941, 51, 'SAN JOSE', 175),
(942, 50, 'ARAJUNO', 176),
(943, 51, 'CURARAY', 176),
(944, 1, 'BELISARIO QUEVEDO', 177),
(945, 2, 'CARCELÉN', 177),
(946, 3, 'CENTRO HISTÓRICO', 177),
(947, 4, 'COCHAPAMBA', 177),
(948, 5, 'COMITÉ DEL PUEBLO', 177),
(949, 6, 'COTOCOLLAO', 177),
(950, 7, 'CHILIBULO', 177),
(951, 8, 'CHILLOGALLO', 177),
(952, 9, 'CHIMBACALLE', 177),
(953, 10, 'EL CONDADO', 177),
(954, 11, 'GUAMANÍ', 177),
(955, 12, 'IÑAQUITO', 177),
(956, 13, 'ITCHIMBIA', 177),
(957, 14, 'JIPIJAPA', 177),
(958, 15, 'KENNEDY', 177),
(959, 16, 'LA ARGELIA', 177),
(960, 17, 'LA CONCEPCIÓN', 177),
(961, 18, 'LA ECUATORIANA', 177),
(962, 19, 'LA FERROVIARIA', 177),
(963, 20, 'LA LIBERTAD', 177),
(964, 21, 'LA MAGDALENA', 177),
(965, 22, 'LA MENA', 177),
(966, 23, 'MARISCAL SUCRE', 177),
(967, 24, 'PONCEANO', 177),
(968, 25, 'PUENGASÍ', 177),
(969, 26, 'QUITUMBE', 177),
(970, 27, 'RUMIPAMBA', 177),
(971, 28, 'SAN BARTOLO', 177),
(972, 29, 'SAN ISIDRO DEL INCA', 177),
(973, 30, 'SAN JUAN', 177),
(974, 31, 'SOLANDA', 177),
(975, 32, 'TURUBAMBA', 177),
(976, 51, 'ALANGASI', 177),
(977, 52, 'AMAGUAÑA', 177),
(978, 53, 'ATAHUALPA (HABASPAMBA)', 177),
(979, 54, 'CALACALI', 177),
(980, 55, 'CALDERON (CARAPUNGO)', 177),
(981, 56, 'CONOCOTO', 177),
(982, 57, 'CUMBAYA', 177),
(983, 58, 'CHAVEZPAMBA', 177),
(984, 59, 'CHECA (CHILPA)', 177),
(985, 60, 'EL QUINCHE', 177),
(986, 61, 'GUALEA', 177),
(987, 62, 'GUANGOPOLO', 177),
(988, 63, 'GUAYLLABAMBA', 177),
(989, 64, 'LA MERCED', 177),
(990, 65, 'LLANO CHICO', 177),
(991, 66, 'LLOA', 177),
(992, 68, 'NANEGAL', 177),
(993, 69, 'NANEGALITO', 177),
(994, 70, 'NAYON', 177),
(995, 71, 'NONO', 177),
(996, 72, 'PACTO', 177),
(997, 74, 'PERUCHO', 177),
(998, 75, 'PIFO', 177),
(999, 76, 'PINTAG', 177),
(1000, 77, 'POMASQUI', 177),
(1001, 78, 'PUELLARO', 177),
(1002, 79, 'PUEMBO', 177),
(1003, 80, 'SAN ANTONIO', 177),
(1004, 81, 'SAN JOSE DE MINAS', 177),
(1005, 83, 'TABABELA', 177),
(1006, 84, 'TUMBACO', 177),
(1007, 85, 'YARUQUI', 177),
(1008, 86, 'ZAMBIZA', 177),
(1009, 2, 'CAYAMBE', 178),
(1010, 3, 'JUAN MONTALVO', 178),
(1011, 51, 'ASCAZUBI', 178),
(1012, 52, 'CANGAHUA', 178),
(1013, 53, 'OLMEDO (PESILLO)', 178),
(1014, 54, 'OTON', 178),
(1015, 55, 'SANTA ROSA DE CUZUBAMBA', 178),
(1016, 56, 'SAN JOSE DE AYORA', 178),
(1017, 50, 'MACHACHI', 179),
(1018, 51, 'ALOAG', 179),
(1019, 52, 'ALOASI', 179),
(1020, 53, 'CUTUGLAHUA', 179),
(1021, 54, 'EL CHAUPI', 179),
(1022, 55, 'MANUEL CORNEJO ASTORGA (TANDAPI)', 179),
(1023, 56, 'TAMBILLO', 179),
(1024, 57, 'UYUMBICHO', 179),
(1025, 50, 'TABACUNDO', 180),
(1026, 51, 'LA ESPERANZA', 180),
(1027, 52, 'MALCHINGUI', 180),
(1028, 53, 'TOCACHI', 180),
(1029, 54, 'TUPIGACHI', 180),
(1030, 1, 'SANGOLQUÍ', 181),
(1031, 2, 'SAN PEDRO DE TABOADA', 181),
(1032, 3, 'SAN RAFAEL', 181),
(1033, 4, 'FAJARDO', 181),
(1034, 51, 'COTOGCHOA', 181),
(1035, 52, 'RUMIPAMBA', 181),
(1036, 50, 'SAN MIGUEL DE LOS BANCOS', 182),
(1037, 51, 'MINDO', 182),
(1038, 50, 'PEDRO VICENTE MALDONADO', 183),
(1039, 50, 'PUERTO QUITO', 184),
(1040, 1, 'ATOCHA – FICOA', 185),
(1041, 2, 'CELIANO MONGE', 185),
(1042, 3, 'HUACHI CHICO', 185),
(1043, 4, 'HUACHI LORETO', 185),
(1044, 5, 'LA MERCED', 185),
(1045, 6, 'LA PENÍNSULA', 185),
(1046, 7, 'MATRIZ', 185),
(1047, 8, 'PISHILATA', 185),
(1048, 9, 'SAN FRANCISCO', 185),
(1049, 51, 'AMBATILLO', 185),
(1050, 52, 'ATAHUALPA (CHISALATA)', 185),
(1051, 53, 'AUGUSTO N. MARTINEZ (MUNDUGLEO)', 185),
(1052, 54, 'CONSTANTINO FERNANDEZ (CAB. EN CULLITAHUA)', 185),
(1053, 55, 'HUACHI GRANDE', 185),
(1054, 56, 'IZAMBA', 185),
(1055, 57, 'JUAN BENIGNO VELA', 185),
(1056, 58, 'MONTALVO', 185),
(1057, 59, 'PASA', 185),
(1058, 60, 'PICAIGUA', 185),
(1059, 61, 'PILAGUIN (PILAHUIN)', 185),
(1060, 62, 'QUISAPINCHA (QUIZAPINCHA)', 185),
(1061, 63, 'SAN BARTOLOME DE PINLLOG', 185),
(1062, 64, 'SAN FERNANDO (PASA SAN FERNANDO)', 185),
(1063, 65, 'SANTA ROSA', 185),
(1064, 66, 'TOTORAS', 185),
(1065, 67, 'CUNCHIBAMBA', 185),
(1066, 68, 'UNAMUNCHO', 185),
(1067, 50, 'BAÑOS DE AGUA SANTA', 186),
(1068, 51, 'LLIGUA', 186),
(1069, 52, 'RIO NEGRO', 186),
(1070, 53, 'RIO VERDE', 186),
(1071, 54, 'ULBA', 186),
(1072, 50, 'CEVALLOS', 187),
(1073, 50, 'MOCHA', 188),
(1074, 51, 'PINGUILI', 188),
(1075, 50, 'PATATE', 189),
(1076, 51, 'EL TRIUNFO', 189),
(1077, 52, 'LOS ANDES (CAB. EN POATUG)', 189),
(1078, 53, 'SUCRE (CAB. EN SUCRE-PATATE URCU)', 189),
(1079, 50, 'QUERO', 190),
(1080, 51, 'RUMIPAMBA', 190),
(1081, 52, 'YANAYACU - MOCHAPATA (CAB. EN YANAYACU)', 190),
(1082, 1, 'PELILEO', 191),
(1083, 2, 'PELILEO GRANDE', 191),
(1084, 51, 'BENITEZ (PACHANLICA)', 191),
(1085, 52, 'BOLIVAR', 191),
(1086, 53, 'COTALO', 191),
(1087, 54, 'CHIQUICHA (CAB. EN CHIQUICHA GRANDE)', 191),
(1088, 55, 'EL ROSARIO (RUMICHACA)', 191),
(1089, 56, 'GARCIA MORENO (CHUMAQUI)', 191),
(1090, 57, 'GUAMBALO (HUAMBALO)', 191),
(1091, 58, 'SALASACA', 191),
(1092, 1, 'CIUDAD NUEVA', 192),
(1093, 2, 'PÍLLARO', 192),
(1094, 51, 'BAQUERIZO MORENO', 192),
(1095, 52, 'EMILIO MARIA TERAN (RUMIPAMBA)', 192),
(1096, 53, 'MARCOS ESPINEL (CHACATA)', 192),
(1097, 54, 'PRESIDENTE URBINA (CHAGRAPAMBA PATZUCUL)', 192),
(1098, 55, 'SAN ANDRES', 192),
(1099, 56, 'SAN JOSE DE POALO', 192),
(1100, 57, 'SAN MIGUELITO', 192),
(1101, 50, 'TISALEO', 193),
(1102, 51, 'QUINCHICOTO', 193),
(1103, 1, 'EL LIMÓN', 194),
(1104, 2, 'ZAMORA', 194),
(1105, 51, 'CUMBARATZA', 194),
(1106, 52, 'GUADALUPE', 194),
(1107, 53, 'IMBANA (LA VICTORIA DE IMBANA)', 194),
(1108, 55, 'SABANILLA', 194),
(1109, 56, 'TIMBARA', 194),
(1110, 58, 'SAN CARLOS DE LAS MINAS', 194),
(1111, 50, 'ZUMBA', 195),
(1112, 51, 'CHITO', 195),
(1113, 52, 'EL CHORRO', 195),
(1114, 54, 'LA CHONTA', 195),
(1115, 56, 'PUCAPAMBA', 195),
(1116, 59, 'SAN ANDRES', 195),
(1117, 50, 'GUAYZIMI', 196),
(1118, 51, 'ZURMI', 196),
(1119, 52, 'NUEVO PARAISO', 196),
(1120, 53, 'NANKAIS (CAB EN SANTA ELENA)', 196),
(1121, 50, '28 DE MAYO (SAN JOSE DE YACUAMBI)', 197),
(1122, 51, 'LA PAZ', 197),
(1123, 52, 'TUTUPALI', 197),
(1124, 50, 'YANTZAZA (YANZATZA)', 198),
(1125, 51, 'CHICAÑA', 198),
(1126, 53, 'LOS ENCUENTROS', 198),
(1127, 50, 'EL PANGUI', 199),
(1128, 51, 'EL GUISME', 199),
(1129, 52, 'PACHICUTZA', 199),
(1130, 53, 'TUNDAYME', 199),
(1131, 50, 'ZUMBI', 200),
(1132, 52, 'TRIUNFO-DORADO', 200),
(1133, 53, 'PANGUINTZA', 200),
(1134, 50, 'PALANDA', 201),
(1135, 51, 'EL PORVENIR DEL CARMEN', 201),
(1136, 52, 'SAN FRANCISCO DEL VERGEL', 201),
(1137, 53, 'VALLADOLID', 201),
(1138, 54, 'LA CANELA', 201),
(1139, 50, 'PAQUISHA', 202),
(1140, 51, 'BELLAVISTA', 202),
(1141, 52, 'NUEVO QUITO', 202),
(1142, 50, 'PUERTO BAQUERIZO MORENO', 203),
(1143, 51, 'EL PROGRESO', 203),
(1144, 52, 'ISLA SANTA MARÍA (FLOREANA) (CAB. EN PTO. VELASCO IBARRA)', 203),
(1145, 50, 'PUERTO VILLAMIL', 204),
(1146, 51, 'TOMAS DE BERLANGA (SANTO TOMAS)', 204),
(1147, 50, 'PUERTO AYORA', 205),
(1148, 51, 'BELLA VISTA', 205),
(1149, 52, 'SANTA ROSA', 205),
(1150, 50, 'NUEVA LOJA', 206),
(1151, 52, 'DURENO', 206),
(1152, 53, 'GENERAL FARFAN', 206),
(1153, 55, 'EL ENO', 206),
(1154, 56, 'PACAYACU', 206),
(1155, 57, 'JAMBELI', 206),
(1156, 58, 'SANTA CECILIA', 206),
(1157, 60, '10 DE AGOSTO', 206),
(1158, 50, 'LUMBAQUI', 207),
(1159, 51, 'EL REVENTADOR', 207),
(1160, 52, 'GONZALO PIZARRO', 207),
(1161, 54, 'PUERTO LIBRE', 207),
(1162, 50, 'PUERTO EL CARMEN DEL PUTUMAYO', 208),
(1163, 51, 'PALMA ROJA', 208),
(1164, 52, 'PUERTO BOLIVAR (PUERTO MONTUFAR)', 208),
(1165, 53, 'PUERTO RODRIGUEZ', 208),
(1166, 54, 'SANTA ELENA', 208),
(1167, 50, 'SHUSHUFINDI', 209),
(1168, 51, 'LIMONCOCHA', 209),
(1169, 52, 'PAÑACOCHA', 209),
(1170, 53, 'SAN ROQUE (CAB. EN SAN VICENTE)', 209),
(1171, 54, 'SAN PEDRO DE LOS COFANES', 209),
(1172, 55, 'SIETE DE JULIO', 209),
(1173, 50, 'LA BONITA', 210),
(1174, 51, 'EL PLAYON DE SAN FRANCISCO', 210),
(1175, 52, 'LA SOFIA', 210),
(1176, 53, 'ROSA FLORIDA', 210),
(1177, 54, 'SANTA BARBARA', 210),
(1178, 50, 'EL DORADO DE CASCALES', 211),
(1179, 51, 'SANTA ROSA DE SUCUMBIOS', 211),
(1180, 52, 'SEVILLA', 211),
(1181, 53, 'NUEVA TRONCAL (CAB EN NUEVA TRONCAL)', 211),
(1182, 50, 'TARAPOA', 212),
(1183, 51, 'CUYABENO', 212),
(1184, 52, 'AGUAS NEGRAS', 212),
(1185, 50, 'PUERTO FRANCISCO DE ORELLANA (EL COCA)', 213),
(1186, 51, 'DAYUMA', 213),
(1187, 52, 'TARACOA (NUEVA ESPERANZA: YUCA)', 213),
(1188, 53, 'ALEJANDRO LABAKA', 213),
(1189, 54, 'EL DORADO', 213),
(1190, 55, 'EL EDEN', 213),
(1191, 56, 'GARCIA MORENO', 213),
(1192, 57, 'INES ARANGO (CAB. EN WESTERN)', 213),
(1193, 58, 'LA BELLEZA', 213),
(1194, 59, 'NUEVO PARAISO (CAB. EN UNION )', 213),
(1195, 60, 'SAN JOSE DE GUAYUSA', 213),
(1196, 61, 'SAN LUIS DE ARMENIA', 213),
(1197, 50, 'NUEVO ROCAFUERTE', 214),
(1198, 51, 'CAPITAN AUGUSTO RIVADENEYRA', 214),
(1199, 52, 'CONONACO', 214),
(1200, 53, 'SANTA MARIA DE HUIRIRIMA', 214),
(1201, 54, 'TIPUTINI', 214),
(1202, 55, 'YASUNI', 214),
(1203, 50, 'LA JOYA DE LOS SACHAS', 215),
(1204, 51, 'ENOKANQUI', 215),
(1205, 52, 'POMPEYA', 215),
(1206, 53, 'SAN CARLOS', 215),
(1207, 54, 'SAN SEBASTIAN DEL COCA', 215),
(1208, 55, 'LAGO SAN PEDRO', 215),
(1209, 56, 'RUMIPAMBA', 215),
(1210, 57, 'TRES DE NOVIEMBRE', 215),
(1211, 58, 'UNION MILAGREÑA', 215),
(1212, 50, 'LORETO', 216),
(1213, 51, 'AVILA (CAB. EN HUIRUNO)', 216),
(1214, 52, 'PUERTO MURIALDO', 216),
(1215, 53, 'SAN JOSE DE PAYAMINO', 216),
(1216, 54, 'SAN JOSE DE DAHUANO', 216),
(1217, 55, 'SAN VICENTE DE HUATICOCHA', 216),
(1218, 1, 'ABRAHAM CALAZACÓN', 217),
(1219, 2, 'BOMBOLÍ', 217),
(1220, 3, 'CHIGUILPE', 217),
(1221, 4, 'RÍO TOACHI', 217),
(1222, 5, 'RÍO VERDE', 217),
(1223, 6, 'SANTO DOMINGO DE LOS COLORADOS', 217),
(1224, 7, 'ZARACAY', 217),
(1225, 51, 'ALLURIQUIN', 217),
(1226, 52, 'PUERTO LIMON', 217),
(1227, 53, 'LUZ DE AMERICA', 217),
(1228, 54, 'SAN JACINTO DEL BUA', 217),
(1229, 55, 'VALLE HERMOSO', 217),
(1230, 56, 'EL ESFUERZO', 217),
(1231, 57, 'SANTA MARIA DEL TOACHI', 217),
(1232, 50, 'LA CONCORDIA', 218),
(1233, 51, 'MONTERREY', 218),
(1234, 52, 'LA VILLEGAS', 218),
(1235, 53, 'PLAN PILOTO', 218),
(1236, 1, 'BALLENITA', 219),
(1237, 2, 'SANTA ELENA', 219),
(1238, 51, 'ATAHUALPA', 219),
(1239, 52, 'COLONCHE', 219),
(1240, 53, 'CHANDUY', 219),
(1241, 54, 'MANGLARALTO', 219),
(1242, 55, 'SIMON BOLIVAR (JULIO MORENO)', 219),
(1243, 56, 'SAN JOSE DE ANCON', 219),
(1244, 50, 'LA LIBERTAD', 220),
(1245, 1, 'CARLOS ESPINOZA LARREA', 221),
(1246, 2, 'GENERAL ALBERTO ENRÍQUEZ GALLO', 221),
(1247, 3, 'VICENTE ROCAFUERTE', 221),
(1248, 4, 'SANTA ROSA', 221),
(1249, 51, 'ANCONCITO', 221),
(1250, 52, 'JOSE LUIS TAMAYO (MUEY)', 221);

-- --------------------------------------------------------

--
-- Estructura de tabla para la tabla `provincias`
--

CREATE TABLE `provincias` (
  `id_provincia` int(11) NOT NULL,
  `nombre` varchar(100) DEFAULT NULL
) ENGINE=InnoDB DEFAULT CHARSET=utf8 COLLATE=utf8_general_ci;

--
-- Volcado de datos para la tabla `provincias`
--

INSERT INTO `provincias` (`id_provincia`, `nombre`) VALUES
(1, 'AZUAY'),
(2, 'BOLIVAR'),
(3, 'CAÑAR'),
(4, 'CARCHI'),
(5, 'COTOPAXI'),
(6, 'CHIMBORAZO'),
(7, 'EL ORO'),
(8, 'ESMERALDAS'),
(9, 'GUAYAS'),
(10, 'IMBABURA'),
(11, 'LOJA'),
(12, 'LOS RIOS'),
(13, 'MANABI'),
(14, 'MORONA SANTIAGO'),
(15, 'NAPO'),
(16, 'PASTAZA'),
(17, 'PICHINCHA'),
(18, 'TUNGURAHUA'),
(19, 'ZAMORA CHINCHIPE'),
(20, 'GALAPAGOS'),
(21, 'SUCUMBIOS'),
(22, 'ORELLANA'),
(23, 'SANTO DOMINGO DE LOS TSACHILAS'),
(24, 'SANTA ELENA');

-- --------------------------------------------------------

--
-- Estructura de tabla para la tabla `tipo_usuario`
--

CREATE TABLE `tipo_usuario` (
  `id_tipo` int(11) NOT NULL,
  `tipo` varchar(50) NOT NULL
) ENGINE=InnoDB DEFAULT CHARSET=utf8 COLLATE=utf8_general_ci;

--
-- Volcado de datos para la tabla `tipo_usuario`
--

INSERT INTO `tipo_usuario` (`id_tipo`, `tipo`) VALUES
(1, 'Socio'),
(2, 'Representante'),
(3, 'Trabajador'),
(4, 'Directivo');

--
-- Índices para tablas volcadas
--

--
-- Indices de la tabla `admin`
--
ALTER TABLE `admin`
  ADD PRIMARY KEY (`Codigo`);

--
-- Indices de la tabla `cantones`
--
ALTER TABLE `cantones`
  ADD PRIMARY KEY (`id_canton`),
  ADD KEY `id_provincia` (`id_provincia`);

--
-- Indices de la tabla `correos_enviados`
--
ALTER TABLE `correos_enviados`
  ADD PRIMARY KEY (`id`);

--
-- Indices de la tabla `cuenta`
--
ALTER TABLE `cuenta`
  ADD PRIMARY KEY (`id`);

--
-- Indices de la tabla `estudiante`
--
ALTER TABLE `estudiante`
  ADD PRIMARY KEY (`Codigo`);

--
-- Indices de la tabla `parroquias`
--
ALTER TABLE `parroquias`
  ADD PRIMARY KEY (`id_parroquia`),
  ADD KEY `id_canton` (`id_canton`);

--
-- Indices de la tabla `provincias`
--
ALTER TABLE `provincias`
  ADD PRIMARY KEY (`id_provincia`);

--
-- Indices de la tabla `tipo_usuario`
--
ALTER TABLE `tipo_usuario`
  ADD PRIMARY KEY (`id_tipo`);

--
-- AUTO_INCREMENT de las tablas volcadas
--

--
-- AUTO_INCREMENT de la tabla `cantones`
--
ALTER TABLE `cantones`
  MODIFY `id_canton` int(11) NOT NULL AUTO_INCREMENT, AUTO_INCREMENT=222;

--
-- AUTO_INCREMENT de la tabla `correos_enviados`
--
ALTER TABLE `correos_enviados`
  MODIFY `id` int(11) NOT NULL AUTO_INCREMENT;

--
-- AUTO_INCREMENT de la tabla `cuenta`
--
ALTER TABLE `cuenta`
  MODIFY `id` int(7) NOT NULL AUTO_INCREMENT, AUTO_INCREMENT=37;

--
-- AUTO_INCREMENT de la tabla `parroquias`
--
ALTER TABLE `parroquias`
  MODIFY `id_parroquia` int(11) NOT NULL AUTO_INCREMENT, AUTO_INCREMENT=1251;

--
-- Restricciones para tablas volcadas
--

--
-- Filtros para la tabla `cantones`
--
ALTER TABLE `cantones`
  ADD CONSTRAINT `cantones_ibfk_1` FOREIGN KEY (`id_provincia`) REFERENCES `provincias` (`id_provincia`);

--
-- Filtros para la tabla `parroquias`
--
ALTER TABLE `parroquias`
  ADD CONSTRAINT `parroquias_ibfk_1` FOREIGN KEY (`id_canton`) REFERENCES `cantones` (`id_canton`);
COMMIT;

/*!40101 SET CHARACTER_SET_CLIENT=@OLD_CHARACTER_SET_CLIENT */;
/*!40101 SET CHARACTER_SET_RESULTS=@OLD_CHARACTER_SET_RESULTS */;
/*!40101 SET COLLATION_CONNECTION=@OLD_COLLATION_CONNECTION */;
